country_name,region_code,indicator_name,year,current_value,previous_year_value,net_change
Algeria,MEA,Female Labor Force Participation (%),2023,14.34,14.33,0.01
Algeria,MEA,Female Labor Force Participation (%),2022,14.33,13.43,0.9
Algeria,MEA,Female Labor Force Participation (%),2021,13.43,13.21,0.23
Algeria,MEA,Female Labor Force Participation (%),2020,13.21,14.68,-1.47
Algeria,MEA,Female Labor Force Participation (%),2019,14.68,14.8,-0.12
Algeria,MEA,Female Labor Force Participation (%),2018,14.8,14.92,-0.12
Algeria,MEA,Female Labor Force Participation (%),2017,14.92,15.03,-0.11
Algeria,MEA,Female Labor Force Participation (%),2016,15.03,15.26,-0.23
Algeria,MEA,Female Labor Force Participation (%),2015,15.26,15.26,0.0
Algeria,MEA,Female Labor Force Participation (%),2014,15.26,15.04,0.22
Algeria,MEA,Female Labor Force Participation (%),2013,15.04,,
Algeria,MEA,GDP per Capita Growth (%),2023,2.55,1.97,0.58
Algeria,MEA,GDP per Capita Growth (%),2022,1.97,2.13,-0.16
Algeria,MEA,GDP per Capita Growth (%),2021,2.13,-6.61,8.75
Algeria,MEA,GDP per Capita Growth (%),2020,-6.61,-0.94,-5.67
Algeria,MEA,GDP per Capita Growth (%),2019,-0.94,-0.55,-0.39
Algeria,MEA,GDP per Capita Growth (%),2018,-0.55,-0.54,0.0
Algeria,MEA,GDP per Capita Growth (%),2017,-0.54,1.79,-2.33
Algeria,MEA,GDP per Capita Growth (%),2016,1.79,1.1,0.69
Algeria,MEA,GDP per Capita Growth (%),2015,1.1,2.0,-0.9
Algeria,MEA,GDP per Capita Growth (%),2014,2.0,0.55,1.45
Algeria,MEA,GDP per Capita Growth (%),2013,0.55,,
Algeria,MEA,Internet Penetration (%),2023,76.91,74.83,2.08
Algeria,MEA,Internet Penetration (%),2022,74.83,72.21,2.62
Algeria,MEA,Internet Penetration (%),2021,72.21,63.47,8.74
Algeria,MEA,Internet Penetration (%),2020,63.47,55.79,7.68
Algeria,MEA,Internet Penetration (%),2019,55.79,49.04,6.75
Algeria,MEA,Internet Penetration (%),2018,49.04,47.69,1.35
Algeria,MEA,Internet Penetration (%),2017,47.69,42.95,4.75
Algeria,MEA,Internet Penetration (%),2016,42.95,38.2,4.75
Algeria,MEA,Internet Penetration (%),2015,38.2,29.5,8.7
Algeria,MEA,Internet Penetration (%),2014,29.5,22.5,7.0
Algeria,MEA,Internet Penetration (%),2013,22.5,,
Bahrain,MEA,Female Labor Force Participation (%),2023,42.38,42.2,0.18
Bahrain,MEA,Female Labor Force Participation (%),2022,42.2,41.2,1.01
Bahrain,MEA,Female Labor Force Participation (%),2021,41.2,41.05,0.15
Bahrain,MEA,Female Labor Force Participation (%),2020,41.05,42.52,-1.47
Bahrain,MEA,Female Labor Force Participation (%),2019,42.52,43.21,-0.69
Bahrain,MEA,Female Labor Force Participation (%),2018,43.21,43.58,-0.37
Bahrain,MEA,Female Labor Force Participation (%),2017,43.58,43.54,0.04
Bahrain,MEA,Female Labor Force Participation (%),2016,43.54,43.37,0.17
Bahrain,MEA,Female Labor Force Participation (%),2015,43.37,43.09,0.27
Bahrain,MEA,Female Labor Force Participation (%),2014,43.09,42.95,0.14
Bahrain,MEA,Female Labor Force Participation (%),2013,42.95,,
Bahrain,MEA,GDP per Capita Growth (%),2023,0.43,4.76,-4.34
Bahrain,MEA,GDP per Capita Growth (%),2022,4.76,2.12,2.65
Bahrain,MEA,GDP per Capita Growth (%),2021,2.12,-5.17,7.29
Bahrain,MEA,GDP per Capita Growth (%),2020,-5.17,3.38,-8.56
Bahrain,MEA,GDP per Capita Growth (%),2019,3.38,1.92,1.46
Bahrain,MEA,GDP per Capita Growth (%),2018,1.92,-0.46,2.38
Bahrain,MEA,GDP per Capita Growth (%),2017,-0.46,-0.08,-0.38
Bahrain,MEA,GDP per Capita Growth (%),2016,-0.08,-1.66,1.58
Bahrain,MEA,GDP per Capita Growth (%),2015,-1.66,-0.56,-1.1
Bahrain,MEA,GDP per Capita Growth (%),2014,-0.56,1.58,-2.14
Bahrain,MEA,GDP per Capita Growth (%),2013,1.58,,
Bahrain,MEA,Internet Penetration (%),2023,100.0,100.0,0.0
Bahrain,MEA,Internet Penetration (%),2022,100.0,100.0,0.0
Bahrain,MEA,Internet Penetration (%),2021,100.0,99.67,0.33
Bahrain,MEA,Internet Penetration (%),2020,99.67,99.7,-0.03
Bahrain,MEA,Internet Penetration (%),2019,99.7,98.64,1.06
Bahrain,MEA,Internet Penetration (%),2018,98.64,95.88,2.77
Bahrain,MEA,Internet Penetration (%),2017,95.88,98.0,-2.12
Bahrain,MEA,Internet Penetration (%),2016,98.0,93.48,4.52
Bahrain,MEA,Internet Penetration (%),2015,93.48,90.5,2.98
Bahrain,MEA,Internet Penetration (%),2014,90.5,90.0,0.5
Bahrain,MEA,Internet Penetration (%),2013,90.0,,
Comoros,SSF,Female Labor Force Participation (%),2023,47.06,47.03,0.02
Comoros,SSF,Female Labor Force Participation (%),2022,47.03,47.07,-0.04
Comoros,SSF,Female Labor Force Participation (%),2021,47.07,44.89,2.18
Comoros,SSF,Female Labor Force Participation (%),2020,44.89,43.32,1.57
Comoros,SSF,Female Labor Force Participation (%),2019,43.32,41.15,2.17
Comoros,SSF,Female Labor Force Participation (%),2018,41.15,38.97,2.17
Comoros,SSF,Female Labor Force Participation (%),2017,38.97,36.84,2.13
Comoros,SSF,Female Labor Force Participation (%),2016,36.84,34.78,2.07
Comoros,SSF,Female Labor Force Participation (%),2015,34.78,32.73,2.05
Comoros,SSF,Female Labor Force Participation (%),2014,32.73,32.71,0.02
Comoros,SSF,Female Labor Force Participation (%),2013,32.71,,
Comoros,SSF,GDP per Capita Growth (%),2023,1.03,0.63,0.4
Comoros,SSF,GDP per Capita Growth (%),2022,0.63,0.0,0.63
Comoros,SSF,GDP per Capita Growth (%),2021,0.0,-2.13,2.14
Comoros,SSF,GDP per Capita Growth (%),2020,-2.13,-0.18,-1.96
Comoros,SSF,GDP per Capita Growth (%),2019,-0.18,1.64,-1.82
Comoros,SSF,GDP per Capita Growth (%),2018,1.64,1.77,-0.13
Comoros,SSF,GDP per Capita Growth (%),2017,1.77,1.22,0.54
Comoros,SSF,GDP per Capita Growth (%),2016,1.22,-0.97,2.19
Comoros,SSF,GDP per Capita Growth (%),2015,-0.97,-0.09,-0.87
Comoros,SSF,GDP per Capita Growth (%),2014,-0.09,2.28,-2.37
Comoros,SSF,GDP per Capita Growth (%),2013,2.28,,
Comoros,SSF,Internet Penetration (%),2023,35.67,32.77,2.9
Comoros,SSF,Internet Penetration (%),2022,32.77,30.68,2.09
Comoros,SSF,Internet Penetration (%),2021,30.68,22.42,8.26
Comoros,SSF,Internet Penetration (%),2020,22.42,16.38,6.04
Comoros,SSF,Internet Penetration (%),2019,16.38,8.48,7.91
Comoros,SSF,Internet Penetration (%),2017,8.48,7.94,0.54
Comoros,SSF,Internet Penetration (%),2016,7.94,7.46,0.48
Comoros,SSF,Internet Penetration (%),2015,7.46,6.98,0.48
Comoros,SSF,Internet Penetration (%),2014,6.98,6.5,0.48
Comoros,SSF,Internet Penetration (%),2013,6.5,,
Djibouti,MEA,Female Labor Force Participation (%),2023,18.94,18.68,0.26
Djibouti,MEA,Female Labor Force Participation (%),2022,18.68,18.54,0.14
Djibouti,MEA,Female Labor Force Participation (%),2021,18.54,18.26,0.27
Djibouti,MEA,Female Labor Force Participation (%),2020,18.26,18.53,-0.27
Djibouti,MEA,Female Labor Force Participation (%),2019,18.53,18.34,0.19
Djibouti,MEA,Female Labor Force Participation (%),2018,18.34,18.15,0.19
Djibouti,MEA,Female Labor Force Participation (%),2017,18.15,17.96,0.19
Djibouti,MEA,Female Labor Force Participation (%),2016,17.96,17.79,0.17
Djibouti,MEA,Female Labor Force Participation (%),2015,17.79,17.63,0.16
Djibouti,MEA,Female Labor Force Participation (%),2014,17.63,17.48,0.14
Djibouti,MEA,Female Labor Force Participation (%),2013,17.48,,
Djibouti,MEA,GDP per Capita Growth (%),2023,5.34,3.7,1.64
Djibouti,MEA,GDP per Capita Growth (%),2022,3.7,2.91,0.79
Djibouti,MEA,GDP per Capita Growth (%),2021,2.91,-0.31,3.22
Djibouti,MEA,GDP per Capita Growth (%),2020,-0.31,3.91,-4.22
Djibouti,MEA,GDP per Capita Growth (%),2019,3.91,3.11,0.81
Djibouti,MEA,GDP per Capita Growth (%),2018,3.11,3.74,-0.63
Djibouti,MEA,GDP per Capita Growth (%),2017,3.74,5.33,-1.59
Djibouti,MEA,GDP per Capita Growth (%),2016,5.33,5.46,-0.13
Djibouti,MEA,GDP per Capita Growth (%),2015,5.46,5.28,0.18
Djibouti,MEA,GDP per Capita Growth (%),2014,5.28,,
Djibouti,MEA,Internet Penetration (%),2023,65.02,63.26,1.77
Djibouti,MEA,Internet Penetration (%),2022,63.26,61.41,1.85
Djibouti,MEA,Internet Penetration (%),2021,61.41,59.93,1.49
Djibouti,MEA,Internet Penetration (%),2020,59.93,58.48,1.45
Djibouti,MEA,Internet Penetration (%),2019,58.48,57.06,1.41
Djibouti,MEA,Internet Penetration (%),2018,57.06,55.68,1.38
Djibouti,MEA,Internet Penetration (%),2017,55.68,30.8,24.88
Djibouti,MEA,Internet Penetration (%),2016,30.8,22.9,7.9
Djibouti,MEA,Internet Penetration (%),2015,22.9,17.0,5.9
Djibouti,MEA,Internet Penetration (%),2014,17.0,12.7,4.3
Djibouti,MEA,Internet Penetration (%),2013,12.7,,
"Egypt, Arab Rep.",MEA,Female Labor Force Participation (%),2023,18.48,15.23,3.25
"Egypt, Arab Rep.",MEA,Female Labor Force Participation (%),2022,15.23,15.59,-0.36
"Egypt, Arab Rep.",MEA,Female Labor Force Participation (%),2021,15.59,14.61,0.98
"Egypt, Arab Rep.",MEA,Female Labor Force Participation (%),2020,14.61,15.86,-1.25
"Egypt, Arab Rep.",MEA,Female Labor Force Participation (%),2019,15.86,18.41,-2.56
"Egypt, Arab Rep.",MEA,Female Labor Force Participation (%),2018,18.41,22.18,-3.77
"Egypt, Arab Rep.",MEA,Female Labor Force Participation (%),2017,22.18,23.07,-0.89
"Egypt, Arab Rep.",MEA,Female Labor Force Participation (%),2016,23.07,22.81,0.26
"Egypt, Arab Rep.",MEA,Female Labor Force Participation (%),2015,22.81,23.17,-0.35
"Egypt, Arab Rep.",MEA,Female Labor Force Participation (%),2014,23.17,23.01,0.15
"Egypt, Arab Rep.",MEA,Female Labor Force Participation (%),2013,23.01,,
"Egypt, Arab Rep.",MEA,GDP per Capita Growth (%),2023,2.02,5.02,-2.99
"Egypt, Arab Rep.",MEA,GDP per Capita Growth (%),2022,5.02,1.76,3.25
"Egypt, Arab Rep.",MEA,GDP per Capita Growth (%),2021,1.76,1.88,-0.12
"Egypt, Arab Rep.",MEA,GDP per Capita Growth (%),2020,1.88,3.72,-1.83
"Egypt, Arab Rep.",MEA,GDP per Capita Growth (%),2019,3.72,3.35,0.36
"Egypt, Arab Rep.",MEA,GDP per Capita Growth (%),2018,3.35,2.12,1.23
"Egypt, Arab Rep.",MEA,GDP per Capita Growth (%),2017,2.12,2.24,-0.12
"Egypt, Arab Rep.",MEA,GDP per Capita Growth (%),2016,2.24,2.2,0.04
"Egypt, Arab Rep.",MEA,GDP per Capita Growth (%),2015,2.2,0.6,1.6
"Egypt, Arab Rep.",MEA,GDP per Capita Growth (%),2014,0.6,-0.14,0.74
"Egypt, Arab Rep.",MEA,GDP per Capita Growth (%),2013,-0.14,,
"Egypt, Arab Rep.",MEA,Internet Penetration (%),2023,72.69,72.2,0.49
"Egypt, Arab Rep.",MEA,Internet Penetration (%),2022,72.2,72.06,0.14
"Egypt, Arab Rep.",MEA,Internet Penetration (%),2021,72.06,71.91,0.14
"Egypt, Arab Rep.",MEA,Internet Penetration (%),2020,71.91,57.28,14.63
"Egypt, Arab Rep.",MEA,Internet Penetration (%),2019,57.28,46.92,10.36
"Egypt, Arab Rep.",MEA,Internet Penetration (%),2018,46.92,44.95,1.97
"Egypt, Arab Rep.",MEA,Internet Penetration (%),2017,44.95,41.25,3.7
"Egypt, Arab Rep.",MEA,Internet Penetration (%),2016,41.25,37.82,3.43
"Egypt, Arab Rep.",MEA,Internet Penetration (%),2015,37.82,33.89,3.92
"Egypt, Arab Rep.",MEA,Internet Penetration (%),2014,33.89,29.4,4.49
"Egypt, Arab Rep.",MEA,Internet Penetration (%),2013,29.4,,
Iraq,MEA,Female Labor Force Participation (%),2023,10.91,11.18,-0.27
Iraq,MEA,Female Labor Force Participation (%),2022,11.18,10.9,0.28
Iraq,MEA,Female Labor Force Participation (%),2021,10.9,10.88,0.02
Iraq,MEA,Female Labor Force Participation (%),2020,10.88,11.58,-0.7
Iraq,MEA,Female Labor Force Participation (%),2019,11.58,11.45,0.14
Iraq,MEA,Female Labor Force Participation (%),2018,11.45,11.33,0.11
Iraq,MEA,Female Labor Force Participation (%),2017,11.33,14.65,-3.32
Iraq,MEA,Female Labor Force Participation (%),2016,14.65,14.18,0.47
Iraq,MEA,Female Labor Force Participation (%),2015,14.18,13.72,0.46
Iraq,MEA,Female Labor Force Participation (%),2014,13.72,12.78,0.95
Iraq,MEA,Female Labor Force Participation (%),2013,12.78,,
Iraq,MEA,GDP per Capita Growth (%),2023,-1.72,5.51,-7.23
Iraq,MEA,GDP per Capita Growth (%),2022,5.51,-0.75,6.26
Iraq,MEA,GDP per Capita Growth (%),2021,-0.75,-13.97,13.22
Iraq,MEA,GDP per Capita Growth (%),2020,-13.97,3.14,-17.11
Iraq,MEA,GDP per Capita Growth (%),2019,3.14,0.27,2.87
Iraq,MEA,GDP per Capita Growth (%),2018,0.27,-3.99,4.25
Iraq,MEA,GDP per Capita Growth (%),2017,-3.99,11.1,-15.08
Iraq,MEA,GDP per Capita Growth (%),2016,11.1,-0.15,11.25
Iraq,MEA,GDP per Capita Growth (%),2015,-0.15,-1.28,1.13
Iraq,MEA,GDP per Capita Growth (%),2014,-1.28,2.66,-3.95
Iraq,MEA,GDP per Capita Growth (%),2013,2.66,,
Iraq,MEA,Internet Penetration (%),2023,81.73,78.72,3.01
Iraq,MEA,Internet Penetration (%),2022,78.72,65.0,13.71
Iraq,MEA,Internet Penetration (%),2021,65.0,53.68,11.32
Iraq,MEA,Internet Penetration (%),2020,53.68,44.33,9.35
Iraq,MEA,Internet Penetration (%),2019,44.33,33.9,10.43
Iraq,MEA,Internet Penetration (%),2018,33.9,49.36,-15.46
Iraq,MEA,Internet Penetration (%),2017,49.36,19.9,29.46
Iraq,MEA,Internet Penetration (%),2016,19.9,15.2,4.7
Iraq,MEA,Internet Penetration (%),2015,15.2,11.65,3.55
Iraq,MEA,Internet Penetration (%),2014,11.65,9.2,2.45
Iraq,MEA,Internet Penetration (%),2013,9.2,,
Jordan,MEA,Female Labor Force Participation (%),2023,15.93,13.92,2.01
Jordan,MEA,Female Labor Force Participation (%),2022,13.92,13.96,-0.04
Jordan,MEA,Female Labor Force Participation (%),2021,13.96,14.97,-1.01
Jordan,MEA,Female Labor Force Participation (%),2020,14.97,13.69,1.29
Jordan,MEA,Female Labor Force Participation (%),2019,13.69,14.65,-0.96
Jordan,MEA,Female Labor Force Participation (%),2018,14.65,16.61,-1.96
Jordan,MEA,Female Labor Force Participation (%),2017,16.61,15.05,1.56
Jordan,MEA,Female Labor Force Participation (%),2016,15.05,13.6,1.45
Jordan,MEA,Female Labor Force Participation (%),2015,13.6,12.28,1.32
Jordan,MEA,Female Labor Force Participation (%),2014,12.28,12.95,-0.66
Jordan,MEA,Female Labor Force Participation (%),2013,12.95,,
Jordan,MEA,GDP per Capita Growth (%),2023,1.24,0.92,0.32
Jordan,MEA,GDP per Capita Growth (%),2022,0.92,1.77,-0.86
Jordan,MEA,GDP per Capita Growth (%),2021,1.77,-2.86,4.63
Jordan,MEA,GDP per Capita Growth (%),2020,-2.86,-0.25,-2.62
Jordan,MEA,GDP per Capita Growth (%),2019,-0.25,-0.3,0.06
Jordan,MEA,GDP per Capita Growth (%),2018,-0.3,0.19,-0.49
Jordan,MEA,GDP per Capita Growth (%),2017,0.19,-2.71,2.9
Jordan,MEA,GDP per Capita Growth (%),2016,-2.71,-5.59,2.88
Jordan,MEA,GDP per Capita Growth (%),2015,-5.59,-6.02,0.43
Jordan,MEA,GDP per Capita Growth (%),2014,-6.02,-2.59,-3.44
Jordan,MEA,GDP per Capita Growth (%),2013,-2.59,,
Jordan,MEA,Internet Penetration (%),2023,92.53,90.5,2.03
Jordan,MEA,Internet Penetration (%),2022,90.5,86.0,4.5
Jordan,MEA,Internet Penetration (%),2021,86.0,78.42,7.58
Jordan,MEA,Internet Penetration (%),2020,78.42,70.08,8.33
Jordan,MEA,Internet Penetration (%),2019,70.08,65.2,4.88
Jordan,MEA,Internet Penetration (%),2018,65.2,64.5,0.7
Jordan,MEA,Internet Penetration (%),2017,64.5,56.15,8.35
Jordan,MEA,Internet Penetration (%),2016,56.15,54.22,1.93
Jordan,MEA,Internet Penetration (%),2015,54.22,46.2,8.02
Jordan,MEA,Internet Penetration (%),2014,46.2,41.4,4.8
Jordan,MEA,Internet Penetration (%),2013,41.4,,
Kuwait,MEA,Female Labor Force Participation (%),2023,48.18,49.62,-1.44
Kuwait,MEA,Female Labor Force Participation (%),2022,49.62,47.51,2.11
Kuwait,MEA,Female Labor Force Participation (%),2021,47.51,46.54,0.97
Kuwait,MEA,Female Labor Force Participation (%),2020,46.54,49.32,-2.78
Kuwait,MEA,Female Labor Force Participation (%),2019,49.32,49.61,-0.29
Kuwait,MEA,Female Labor Force Participation (%),2018,49.61,49.87,-0.25
Kuwait,MEA,Female Labor Force Participation (%),2017,49.87,49.53,0.34
Kuwait,MEA,Female Labor Force Participation (%),2016,49.53,49.65,-0.12
Kuwait,MEA,Female Labor Force Participation (%),2015,49.65,49.54,0.11
Kuwait,MEA,Female Labor Force Participation (%),2014,49.54,49.29,0.25
Kuwait,MEA,Female Labor Force Participation (%),2013,49.29,,
Kuwait,MEA,GDP per Capita Growth (%),2023,-7.01,1.44,-8.45
Kuwait,MEA,GDP per Capita Growth (%),2022,1.44,2.59,-1.15
Kuwait,MEA,GDP per Capita Growth (%),2021,2.59,-3.91,6.5
Kuwait,MEA,GDP per Capita Growth (%),2020,-3.91,-0.47,-3.44
Kuwait,MEA,GDP per Capita Growth (%),2019,-0.47,-1.27,0.79
Kuwait,MEA,GDP per Capita Growth (%),2018,-1.27,-8.17,6.9
Kuwait,MEA,GDP per Capita Growth (%),2017,-8.17,-1.43,-6.74
Kuwait,MEA,GDP per Capita Growth (%),2016,-1.43,-3.83,2.4
Kuwait,MEA,GDP per Capita Growth (%),2015,-3.83,-3.83,0.0
Kuwait,MEA,GDP per Capita Growth (%),2014,-3.83,-3.77,-0.06
Kuwait,MEA,GDP per Capita Growth (%),2013,-3.77,,
Kuwait,MEA,Internet Penetration (%),2023,99.75,99.72,0.02
Kuwait,MEA,Internet Penetration (%),2022,99.72,99.7,0.02
Kuwait,MEA,Internet Penetration (%),2021,99.7,99.11,0.59
Kuwait,MEA,Internet Penetration (%),2020,99.11,99.54,-0.44
Kuwait,MEA,Internet Penetration (%),2019,99.54,99.6,-0.06
Kuwait,MEA,Internet Penetration (%),2018,99.6,98.0,1.6
Kuwait,MEA,Internet Penetration (%),2017,98.0,85.6,12.4
Kuwait,MEA,Internet Penetration (%),2016,85.6,82.0,3.6
Kuwait,MEA,Internet Penetration (%),2015,82.0,78.7,3.3
Kuwait,MEA,Internet Penetration (%),2014,78.7,75.46,3.24
Kuwait,MEA,Internet Penetration (%),2013,75.46,,
Lebanon,MEA,Female Labor Force Participation (%),2023,22.23,22.34,-0.1
Lebanon,MEA,Female Labor Force Participation (%),2022,22.34,23.88,-1.54
Lebanon,MEA,Female Labor Force Participation (%),2021,23.88,25.94,-2.06
Lebanon,MEA,Female Labor Force Participation (%),2020,25.94,29.29,-3.34
Lebanon,MEA,Female Labor Force Participation (%),2019,29.29,28.47,0.82
Lebanon,MEA,Female Labor Force Participation (%),2018,28.47,27.67,0.8
Lebanon,MEA,Female Labor Force Participation (%),2017,27.67,26.89,0.79
Lebanon,MEA,Female Labor Force Participation (%),2016,26.89,26.11,0.77
Lebanon,MEA,Female Labor Force Participation (%),2015,26.11,25.4,0.71
Lebanon,MEA,Female Labor Force Participation (%),2014,25.4,24.74,0.66
Lebanon,MEA,Female Labor Force Participation (%),2013,24.74,,
Lebanon,MEA,GDP per Capita Growth (%),2023,-1.26,-1.08,-0.18
Lebanon,MEA,GDP per Capita Growth (%),2022,-1.08,-7.26,6.18
Lebanon,MEA,GDP per Capita Growth (%),2021,-7.26,-20.13,12.87
Lebanon,MEA,GDP per Capita Growth (%),2020,-20.13,-3.87,-16.26
Lebanon,MEA,GDP per Capita Growth (%),2019,-3.87,1.0,-4.87
Lebanon,MEA,GDP per Capita Growth (%),2018,1.0,3.57,-2.57
Lebanon,MEA,GDP per Capita Growth (%),2017,3.57,3.95,-0.38
Lebanon,MEA,GDP per Capita Growth (%),2016,3.95,-1.49,5.44
Lebanon,MEA,GDP per Capita Growth (%),2015,-1.49,-7.26,5.78
Lebanon,MEA,GDP per Capita Growth (%),2014,-7.26,-5.35,-1.91
Lebanon,MEA,GDP per Capita Growth (%),2013,-5.35,,
Lebanon,MEA,Internet Penetration (%),2023,83.49,82.8,0.7
Lebanon,MEA,Internet Penetration (%),2022,82.8,82.66,0.14
Lebanon,MEA,Internet Penetration (%),2021,82.66,82.07,0.59
Lebanon,MEA,Internet Penetration (%),2020,82.07,81.48,0.59
Lebanon,MEA,Internet Penetration (%),2019,81.48,80.9,0.58
Lebanon,MEA,Internet Penetration (%),2018,80.9,78.18,2.72
Lebanon,MEA,Internet Penetration (%),2017,78.18,76.11,2.07
Lebanon,MEA,Internet Penetration (%),2016,76.11,74.0,2.11
Lebanon,MEA,Internet Penetration (%),2015,74.0,73.0,1.0
Lebanon,MEA,Internet Penetration (%),2014,73.0,70.5,2.5
Lebanon,MEA,Internet Penetration (%),2013,70.5,,
Libya,MEA,Female Labor Force Participation (%),2023,33.47,33.63,-0.17
Libya,MEA,Female Labor Force Participation (%),2022,33.63,31.35,2.28
Libya,MEA,Female Labor Force Participation (%),2021,31.35,31.01,0.34
Libya,MEA,Female Labor Force Participation (%),2020,31.01,33.99,-2.98
Libya,MEA,Female Labor Force Participation (%),2019,33.99,34.04,-0.05
Libya,MEA,Female Labor Force Participation (%),2018,34.04,34.08,-0.04
Libya,MEA,Female Labor Force Participation (%),2017,34.08,34.11,-0.03
Libya,MEA,Female Labor Force Participation (%),2016,34.11,34.13,-0.02
Libya,MEA,Female Labor Force Participation (%),2015,34.13,34.13,0.0
Libya,MEA,Female Labor Force Participation (%),2014,34.13,34.07,0.06
Libya,MEA,Female Labor Force Participation (%),2013,34.07,,
Libya,MEA,GDP per Capita Growth (%),2023,8.97,-9.42,18.39
Libya,MEA,GDP per Capita Growth (%),2022,-9.42,26.69,-36.11
Libya,MEA,GDP per Capita Growth (%),2021,26.69,-30.4,57.09
Libya,MEA,GDP per Capita Growth (%),2020,-30.4,-12.5,-17.9
Libya,MEA,GDP per Capita Growth (%),2019,-12.5,6.2,-18.7
Libya,MEA,GDP per Capita Growth (%),2018,6.2,30.4,-24.19
Libya,MEA,GDP per Capita Growth (%),2017,30.4,-2.98,33.38
Libya,MEA,GDP per Capita Growth (%),2016,-2.98,-2.43,-0.55
Libya,MEA,GDP per Capita Growth (%),2015,-2.43,-24.51,22.08
Libya,MEA,GDP per Capita Growth (%),2014,-24.51,-19.63,-4.88
Libya,MEA,GDP per Capita Growth (%),2013,-19.63,,
Libya,MEA,Internet Penetration (%),2023,88.5,88.64,-0.14
Libya,MEA,Internet Penetration (%),2022,88.64,88.56,0.08
Libya,MEA,Internet Penetration (%),2021,88.56,87.58,0.98
Libya,MEA,Internet Penetration (%),2020,87.58,17.76,69.82
Libya,MEA,Internet Penetration (%),2014,17.76,16.5,1.26
Libya,MEA,Internet Penetration (%),2013,16.5,,
Mauritania,SSF,Female Labor Force Participation (%),2023,26.2,26.05,0.15
Mauritania,SSF,Female Labor Force Participation (%),2022,26.05,26.07,-0.02
Mauritania,SSF,Female Labor Force Participation (%),2021,26.07,25.87,0.2
Mauritania,SSF,Female Labor Force Participation (%),2020,25.87,26.26,-0.39
Mauritania,SSF,Female Labor Force Participation (%),2019,26.26,26.23,0.03
Mauritania,SSF,Female Labor Force Participation (%),2018,26.23,26.21,0.02
Mauritania,SSF,Female Labor Force Participation (%),2017,26.21,26.45,-0.23
Mauritania,SSF,Female Labor Force Participation (%),2016,26.45,26.68,-0.23
Mauritania,SSF,Female Labor Force Participation (%),2015,26.68,26.91,-0.23
Mauritania,SSF,Female Labor Force Participation (%),2014,26.91,27.14,-0.23
Mauritania,SSF,Female Labor Force Participation (%),2013,27.14,,
Mauritania,SSF,GDP per Capita Growth (%),2023,3.69,3.71,-0.03
Mauritania,SSF,GDP per Capita Growth (%),2022,3.71,-2.12,5.84
Mauritania,SSF,GDP per Capita Growth (%),2021,-2.12,-3.23,1.1
Mauritania,SSF,GDP per Capita Growth (%),2020,-3.23,0.14,-3.37
Mauritania,SSF,GDP per Capita Growth (%),2019,0.14,1.7,-1.56
Mauritania,SSF,GDP per Capita Growth (%),2018,1.7,3.14,-1.44
Mauritania,SSF,GDP per Capita Growth (%),2017,3.14,-1.73,4.87
Mauritania,SSF,GDP per Capita Growth (%),2016,-1.73,2.26,-3.99
Mauritania,SSF,GDP per Capita Growth (%),2015,2.26,1.18,1.08
Mauritania,SSF,GDP per Capita Growth (%),2014,1.18,0.94,0.25
Mauritania,SSF,GDP per Capita Growth (%),2013,0.94,,
Mauritania,SSF,Internet Penetration (%),2023,37.38,34.3,3.08
Mauritania,SSF,Internet Penetration (%),2022,34.3,29.97,4.33
Mauritania,SSF,Internet Penetration (%),2021,29.97,27.43,2.54
Mauritania,SSF,Internet Penetration (%),2020,27.43,25.1,2.33
Mauritania,SSF,Internet Penetration (%),2019,25.1,22.97,2.13
Mauritania,SSF,Internet Penetration (%),2018,22.97,21.02,1.95
Mauritania,SSF,Internet Penetration (%),2017,21.02,19.23,1.78
Mauritania,SSF,Internet Penetration (%),2016,19.23,17.6,1.63
Mauritania,SSF,Internet Penetration (%),2015,17.6,11.8,5.8
Mauritania,SSF,Internet Penetration (%),2014,11.8,6.2,5.6
Mauritania,SSF,Internet Penetration (%),2013,6.2,,
Morocco,MEA,Female Labor Force Participation (%),2023,19.67,19.58,0.09
Morocco,MEA,Female Labor Force Participation (%),2022,19.58,20.7,-1.11
Morocco,MEA,Female Labor Force Participation (%),2021,20.7,20.69,0.01
Morocco,MEA,Female Labor Force Participation (%),2020,20.69,22.0,-1.31
Morocco,MEA,Female Labor Force Participation (%),2019,22.0,22.23,-0.23
Morocco,MEA,Female Labor Force Participation (%),2018,22.23,22.45,-0.22
Morocco,MEA,Female Labor Force Participation (%),2017,22.45,23.27,-0.82
Morocco,MEA,Female Labor Force Participation (%),2016,23.27,24.36,-1.09
Morocco,MEA,Female Labor Force Participation (%),2015,24.36,24.78,-0.42
Morocco,MEA,Female Labor Force Participation (%),2014,24.78,24.72,0.06
Morocco,MEA,Female Labor Force Participation (%),2013,24.72,,
Morocco,MEA,GDP per Capita Growth (%),2023,2.59,0.78,1.81
Morocco,MEA,GDP per Capita Growth (%),2022,0.78,7.06,-6.28
Morocco,MEA,GDP per Capita Growth (%),2021,7.06,-8.14,15.2
Morocco,MEA,GDP per Capita Growth (%),2020,-8.14,1.82,-9.96
Morocco,MEA,GDP per Capita Growth (%),2019,1.82,1.91,-0.1
Morocco,MEA,GDP per Capita Growth (%),2018,1.91,3.78,-1.87
Morocco,MEA,GDP per Capita Growth (%),2017,3.78,-0.69,4.48
Morocco,MEA,GDP per Capita Growth (%),2016,-0.69,3.11,-3.8
Morocco,MEA,GDP per Capita Growth (%),2015,3.11,1.44,1.67
Morocco,MEA,GDP per Capita Growth (%),2014,1.44,2.76,-1.32
Morocco,MEA,GDP per Capita Growth (%),2013,2.76,,
Morocco,MEA,Internet Penetration (%),2023,91.0,89.9,1.1
Morocco,MEA,Internet Penetration (%),2022,89.9,88.13,1.77
Morocco,MEA,Internet Penetration (%),2021,88.13,84.12,4.01
Morocco,MEA,Internet Penetration (%),2020,84.12,84.12,0.0
Morocco,MEA,Internet Penetration (%),2019,84.12,64.8,19.32
Morocco,MEA,Internet Penetration (%),2018,64.8,61.76,3.04
Morocco,MEA,Internet Penetration (%),2017,61.76,58.27,3.49
Morocco,MEA,Internet Penetration (%),2016,58.27,57.08,1.19
Morocco,MEA,Internet Penetration (%),2015,57.08,56.77,0.31
Morocco,MEA,Internet Penetration (%),2014,56.77,56.0,0.77
Morocco,MEA,Internet Penetration (%),2013,56.0,,
Oman,MEA,Female Labor Force Participation (%),2023,30.32,30.8,-0.47
Oman,MEA,Female Labor Force Participation (%),2022,30.8,29.56,1.23
Oman,MEA,Female Labor Force Participation (%),2021,29.56,29.07,0.49
Oman,MEA,Female Labor Force Participation (%),2020,29.07,30.19,-1.12
Oman,MEA,Female Labor Force Participation (%),2019,30.19,30.37,-0.18
Oman,MEA,Female Labor Force Participation (%),2018,30.37,30.48,-0.11
Oman,MEA,Female Labor Force Participation (%),2017,30.48,30.27,0.22
Oman,MEA,Female Labor Force Participation (%),2016,30.27,29.62,0.65
Oman,MEA,Female Labor Force Participation (%),2015,29.62,28.93,0.69
Oman,MEA,Female Labor Force Participation (%),2014,28.93,28.25,0.69
Oman,MEA,Female Labor Force Participation (%),2013,28.25,,
Oman,MEA,GDP per Capita Growth (%),2023,-4.99,2.74,-7.73
Oman,MEA,GDP per Capita Growth (%),2022,2.74,3.09,-0.35
Oman,MEA,GDP per Capita Growth (%),2021,3.09,-1.91,5.0
Oman,MEA,GDP per Capita Growth (%),2020,-1.91,-0.99,-0.93
Oman,MEA,GDP per Capita Growth (%),2019,-0.99,-0.05,-0.94
Oman,MEA,GDP per Capita Growth (%),2018,-0.05,-2.93,2.89
Oman,MEA,GDP per Capita Growth (%),2017,-2.93,0.12,-3.05
Oman,MEA,GDP per Capita Growth (%),2016,0.12,0.44,-0.32
Oman,MEA,GDP per Capita Growth (%),2015,0.44,-2.97,3.41
Oman,MEA,GDP per Capita Growth (%),2014,-2.97,-2.64,-0.33
Oman,MEA,GDP per Capita Growth (%),2013,-2.64,,
Oman,MEA,Internet Penetration (%),2023,95.25,95.25,0.01
Oman,MEA,Internet Penetration (%),2022,95.25,95.24,0.01
Oman,MEA,Internet Penetration (%),2021,95.24,95.23,0.01
Oman,MEA,Internet Penetration (%),2020,95.23,90.26,4.97
Oman,MEA,Internet Penetration (%),2019,90.26,85.5,4.76
Oman,MEA,Internet Penetration (%),2018,85.5,80.19,5.31
Oman,MEA,Internet Penetration (%),2017,80.19,76.85,3.34
Oman,MEA,Internet Penetration (%),2016,76.85,73.53,3.32
Oman,MEA,Internet Penetration (%),2015,73.53,70.22,3.31
Oman,MEA,Internet Penetration (%),2014,70.22,66.45,3.77
Oman,MEA,Internet Penetration (%),2013,66.45,,
Qatar,MEA,Female Labor Force Participation (%),2023,63.31,63.54,-0.23
Qatar,MEA,Female Labor Force Participation (%),2022,63.54,60.58,2.96
Qatar,MEA,Female Labor Force Participation (%),2021,60.58,59.45,1.13
Qatar,MEA,Female Labor Force Participation (%),2020,59.45,59.08,0.37
Qatar,MEA,Female Labor Force Participation (%),2019,59.08,58.37,0.71
Qatar,MEA,Female Labor Force Participation (%),2018,58.37,57.57,0.8
Qatar,MEA,Female Labor Force Participation (%),2017,57.57,56.79,0.78
Qatar,MEA,Female Labor Force Participation (%),2016,56.79,55.99,0.8
Qatar,MEA,Female Labor Force Participation (%),2015,55.99,54.57,1.42
Qatar,MEA,Female Labor Force Participation (%),2014,54.57,53.3,1.27
Qatar,MEA,Female Labor Force Participation (%),2013,53.3,,
Qatar,MEA,GDP per Capita Growth (%),2023,1.59,-1.79,3.38
Qatar,MEA,GDP per Capita Growth (%),2022,-1.79,13.36,-15.15
Qatar,MEA,GDP per Capita Growth (%),2021,13.36,-8.92,22.29
Qatar,MEA,GDP per Capita Growth (%),2020,-8.92,-1.52,-7.4
Qatar,MEA,GDP per Capita Growth (%),2019,-1.52,-0.13,-1.39
Qatar,MEA,GDP per Capita Growth (%),2018,-0.13,-4.16,4.02
Qatar,MEA,GDP per Capita Growth (%),2017,-4.16,-2.45,-1.7
Qatar,MEA,GDP per Capita Growth (%),2016,-2.45,-3.86,1.41
Qatar,MEA,GDP per Capita Growth (%),2015,-3.86,-6.19,2.32
Qatar,MEA,GDP per Capita Growth (%),2014,-6.19,-5.13,-1.06
Qatar,MEA,GDP per Capita Growth (%),2013,-5.13,,
Qatar,MEA,Internet Penetration (%),2023,99.65,99.65,0.0
Qatar,MEA,Internet Penetration (%),2022,99.65,99.65,0.0
Qatar,MEA,Internet Penetration (%),2021,99.65,99.65,0.0
Qatar,MEA,Internet Penetration (%),2020,99.65,99.65,0.0
Qatar,MEA,Internet Penetration (%),2019,99.65,99.65,0.0
Qatar,MEA,Internet Penetration (%),2018,99.65,97.39,2.26
Qatar,MEA,Internet Penetration (%),2017,97.39,95.12,2.26
Qatar,MEA,Internet Penetration (%),2016,95.12,92.88,2.24
Qatar,MEA,Internet Penetration (%),2015,92.88,91.49,1.39
Qatar,MEA,Internet Penetration (%),2014,91.49,85.3,6.19
Qatar,MEA,Internet Penetration (%),2013,85.3,,
Saudi Arabia,MEA,Female Labor Force Participation (%),2023,34.28,34.1,0.18
Saudi Arabia,MEA,Female Labor Force Participation (%),2022,34.1,34.22,-0.12
Saudi Arabia,MEA,Female Labor Force Participation (%),2021,34.22,29.31,4.91
Saudi Arabia,MEA,Female Labor Force Participation (%),2020,29.31,24.36,4.94
Saudi Arabia,MEA,Female Labor Force Participation (%),2019,24.36,21.82,2.54
Saudi Arabia,MEA,Female Labor Force Participation (%),2018,21.82,19.86,1.97
Saudi Arabia,MEA,Female Labor Force Participation (%),2017,19.86,22.87,-3.01
Saudi Arabia,MEA,Female Labor Force Participation (%),2016,22.87,21.64,1.23
Saudi Arabia,MEA,Female Labor Force Participation (%),2015,21.64,20.28,1.36
Saudi Arabia,MEA,Female Labor Force Participation (%),2014,20.28,19.82,0.46
Saudi Arabia,MEA,Female Labor Force Participation (%),2013,19.82,,
Saudi Arabia,MEA,GDP per Capita Growth (%),2023,-4.01,7.16,-11.17
Saudi Arabia,MEA,GDP per Capita Growth (%),2022,7.16,9.18,-2.02
Saudi Arabia,MEA,GDP per Capita Growth (%),2021,9.18,-8.34,17.52
Saudi Arabia,MEA,GDP per Capita Growth (%),2020,-8.34,2.1,-10.44
Saudi Arabia,MEA,GDP per Capita Growth (%),2019,2.1,5.9,-3.8
Saudi Arabia,MEA,GDP per Capita Growth (%),2018,5.9,1.11,4.79
Saudi Arabia,MEA,GDP per Capita Growth (%),2017,1.11,-2.03,3.14
Saudi Arabia,MEA,GDP per Capita Growth (%),2016,-2.03,-0.63,-1.4
Saudi Arabia,MEA,GDP per Capita Growth (%),2015,-0.63,1.51,-2.14
Saudi Arabia,MEA,GDP per Capita Growth (%),2014,1.51,-2.48,3.98
Saudi Arabia,MEA,GDP per Capita Growth (%),2013,-2.48,,
Saudi Arabia,MEA,Internet Penetration (%),2023,100.0,100.0,0.0
Saudi Arabia,MEA,Internet Penetration (%),2022,100.0,100.0,0.0
Saudi Arabia,MEA,Internet Penetration (%),2021,100.0,97.86,2.14
Saudi Arabia,MEA,Internet Penetration (%),2020,97.86,95.72,2.14
Saudi Arabia,MEA,Internet Penetration (%),2019,95.72,93.31,2.41
Saudi Arabia,MEA,Internet Penetration (%),2018,93.31,94.18,-0.87
Saudi Arabia,MEA,Internet Penetration (%),2017,94.18,74.88,19.3
Saudi Arabia,MEA,Internet Penetration (%),2016,74.88,69.62,5.26
Saudi Arabia,MEA,Internet Penetration (%),2015,69.62,64.71,4.9
Saudi Arabia,MEA,Internet Penetration (%),2014,64.71,60.5,4.21
Saudi Arabia,MEA,Internet Penetration (%),2013,60.5,,
Sudan,SSF,Female Labor Force Participation (%),2022,14.45,15.81,-1.36
Sudan,SSF,Female Labor Force Participation (%),2021,15.81,17.01,-1.2
Sudan,SSF,Female Labor Force Participation (%),2020,17.01,18.47,-1.46
Sudan,SSF,Female Labor Force Participation (%),2019,18.47,19.7,-1.24
Sudan,SSF,Female Labor Force Participation (%),2018,19.7,20.9,-1.2
Sudan,SSF,Female Labor Force Participation (%),2017,20.9,22.09,-1.19
Sudan,SSF,Female Labor Force Participation (%),2016,22.09,23.3,-1.22
Sudan,SSF,Female Labor Force Participation (%),2015,23.3,24.52,-1.21
Sudan,SSF,Female Labor Force Participation (%),2014,24.52,25.75,-1.23
Sudan,SSF,Female Labor Force Participation (%),2013,25.75,,
Sudan,SSF,GDP per Capita Growth (%),2023,-30.36,-3.6,-26.77
Sudan,SSF,GDP per Capita Growth (%),2022,-3.6,-4.48,0.88
Sudan,SSF,GDP per Capita Growth (%),2021,-4.48,-6.19,1.71
Sudan,SSF,GDP per Capita Growth (%),2020,-6.19,-5.01,-1.18
Sudan,SSF,GDP per Capita Growth (%),2019,-5.01,-6.02,1.01
Sudan,SSF,GDP per Capita Growth (%),2018,-6.02,-2.72,-3.3
Sudan,SSF,GDP per Capita Growth (%),2017,-2.72,0.37,-3.09
Sudan,SSF,GDP per Capita Growth (%),2016,0.37,-1.15,1.52
Sudan,SSF,GDP per Capita Growth (%),2015,-1.15,1.86,-3.01
Sudan,SSF,GDP per Capita Growth (%),2014,1.86,-0.37,2.24
Sudan,SSF,GDP per Capita Growth (%),2013,-0.37,,
Sudan,SSF,Internet Penetration (%),2020,26.44,25.9,0.54
Sudan,SSF,Internet Penetration (%),2019,25.9,24.6,1.3
Sudan,SSF,Internet Penetration (%),2018,24.6,18.6,6.0
Sudan,SSF,Internet Penetration (%),2017,18.6,14.1,4.5
Sudan,SSF,Internet Penetration (%),2016,14.1,,
Syrian Arab Republic,MEA,Female Labor Force Participation (%),2023,12.88,13.02,-0.14
Syrian Arab Republic,MEA,Female Labor Force Participation (%),2022,13.02,12.82,0.2
Syrian Arab Republic,MEA,Female Labor Force Participation (%),2021,12.82,12.67,0.16
Syrian Arab Republic,MEA,Female Labor Force Participation (%),2020,12.67,13.39,-0.72
Syrian Arab Republic,MEA,Female Labor Force Participation (%),2019,13.39,13.14,0.25
Syrian Arab Republic,MEA,Female Labor Force Participation (%),2018,13.14,12.94,0.2
Syrian Arab Republic,MEA,Female Labor Force Participation (%),2017,12.94,12.8,0.14
Syrian Arab Republic,MEA,Female Labor Force Participation (%),2016,12.8,12.73,0.07
Syrian Arab Republic,MEA,Female Labor Force Participation (%),2015,12.73,12.81,-0.08
Syrian Arab Republic,MEA,Female Labor Force Participation (%),2014,12.81,13.03,-0.22
Syrian Arab Republic,MEA,Female Labor Force Participation (%),2013,13.03,,
Syrian Arab Republic,MEA,GDP per Capita Growth (%),2022,-3.0,-0.87,-2.13
Syrian Arab Republic,MEA,GDP per Capita Growth (%),2021,-0.87,-3.98,3.11
Syrian Arab Republic,MEA,GDP per Capita Growth (%),2020,-3.98,-2.64,-1.34
Syrian Arab Republic,MEA,GDP per Capita Growth (%),2019,-2.64,-0.44,-2.2
Syrian Arab Republic,MEA,GDP per Capita Growth (%),2018,-0.44,-0.88,0.45
Syrian Arab Republic,MEA,GDP per Capita Growth (%),2017,-0.88,-5.28,4.4
Syrian Arab Republic,MEA,GDP per Capita Growth (%),2016,-5.28,0.01,-5.29
Syrian Arab Republic,MEA,GDP per Capita Growth (%),2015,0.01,-4.15,4.16
Syrian Arab Republic,MEA,GDP per Capita Growth (%),2014,-4.15,-22.58,18.44
Syrian Arab Republic,MEA,GDP per Capita Growth (%),2013,-22.58,,
Syrian Arab Republic,MEA,Internet Penetration (%),2019,34.65,33.77,0.88
Syrian Arab Republic,MEA,Internet Penetration (%),2018,33.77,32.7,1.07
Syrian Arab Republic,MEA,Internet Penetration (%),2017,32.7,31.87,0.83
Syrian Arab Republic,MEA,Internet Penetration (%),2016,31.87,29.98,1.89
Syrian Arab Republic,MEA,Internet Penetration (%),2015,29.98,28.09,1.89
Syrian Arab Republic,MEA,Internet Penetration (%),2014,28.09,26.2,1.89
Syrian Arab Republic,MEA,Internet Penetration (%),2013,26.2,,
Tunisia,MEA,Female Labor Force Participation (%),2023,26.78,27.52,-0.74
Tunisia,MEA,Female Labor Force Participation (%),2022,27.52,26.7,0.82
Tunisia,MEA,Female Labor Force Participation (%),2021,26.7,26.27,0.42
Tunisia,MEA,Female Labor Force Participation (%),2020,26.27,28.27,-2.0
Tunisia,MEA,Female Labor Force Participation (%),2019,28.27,27.38,0.89
Tunisia,MEA,Female Labor Force Participation (%),2018,27.38,26.48,0.91
Tunisia,MEA,Female Labor Force Participation (%),2017,26.48,26.65,-0.17
Tunisia,MEA,Female Labor Force Participation (%),2016,26.65,26.07,0.57
Tunisia,MEA,Female Labor Force Participation (%),2015,26.07,25.73,0.34
Tunisia,MEA,Female Labor Force Participation (%),2014,25.73,25.45,0.29
Tunisia,MEA,Female Labor Force Participation (%),2013,25.45,,
Tunisia,MEA,GDP per Capita Growth (%),2023,-0.48,2.15,-2.63
Tunisia,MEA,GDP per Capita Growth (%),2022,2.15,4.09,-1.94
Tunisia,MEA,GDP per Capita Growth (%),2021,4.09,-9.73,13.82
Tunisia,MEA,GDP per Capita Growth (%),2020,-9.73,0.61,-10.34
Tunisia,MEA,GDP per Capita Growth (%),2019,0.61,1.6,-0.99
Tunisia,MEA,GDP per Capita Growth (%),2018,1.6,1.18,0.42
Tunisia,MEA,GDP per Capita Growth (%),2017,1.18,0.01,1.17
Tunisia,MEA,GDP per Capita Growth (%),2016,0.01,-0.17,0.17
Tunisia,MEA,GDP per Capita Growth (%),2015,-0.17,1.87,-2.04
Tunisia,MEA,GDP per Capita Growth (%),2014,1.87,1.22,0.66
Tunisia,MEA,GDP per Capita Growth (%),2013,1.22,,
Tunisia,MEA,Internet Penetration (%),2023,72.35,70.55,1.8
Tunisia,MEA,Internet Penetration (%),2022,70.55,68.32,2.24
Tunisia,MEA,Internet Penetration (%),2021,68.32,68.56,-0.24
Tunisia,MEA,Internet Penetration (%),2020,68.56,66.7,1.86
Tunisia,MEA,Internet Penetration (%),2019,66.7,64.19,2.51
Tunisia,MEA,Internet Penetration (%),2018,64.19,55.5,8.69
Tunisia,MEA,Internet Penetration (%),2017,55.5,49.6,5.9
Tunisia,MEA,Internet Penetration (%),2016,49.6,46.5,3.1
Tunisia,MEA,Internet Penetration (%),2015,46.5,46.16,0.34
Tunisia,MEA,Internet Penetration (%),2014,46.16,43.8,2.36
Tunisia,MEA,Internet Penetration (%),2013,43.8,,
United Arab Emirates,MEA,Female Labor Force Participation (%),2023,52.35,53.06,-0.71
United Arab Emirates,MEA,Female Labor Force Participation (%),2022,53.06,50.45,2.61
United Arab Emirates,MEA,Female Labor Force Participation (%),2021,50.45,58.18,-7.73
United Arab Emirates,MEA,Female Labor Force Participation (%),2020,58.18,54.38,3.8
United Arab Emirates,MEA,Female Labor Force Participation (%),2019,54.38,51.31,3.07
United Arab Emirates,MEA,Female Labor Force Participation (%),2018,51.31,50.93,0.39
United Arab Emirates,MEA,Female Labor Force Participation (%),2017,50.93,49.23,1.7
United Arab Emirates,MEA,Female Labor Force Participation (%),2016,49.23,48.18,1.05
United Arab Emirates,MEA,Female Labor Force Participation (%),2015,48.18,47.13,1.05
United Arab Emirates,MEA,Female Labor Force Participation (%),2014,47.13,46.06,1.07
United Arab Emirates,MEA,Female Labor Force Participation (%),2013,46.06,,
United Arab Emirates,MEA,GDP per Capita Growth (%),2023,0.23,2.18,-1.95
United Arab Emirates,MEA,GDP per Capita Growth (%),2022,2.18,2.65,-0.47
United Arab Emirates,MEA,GDP per Capita Growth (%),2021,2.65,-8.26,10.91
United Arab Emirates,MEA,GDP per Capita Growth (%),2020,-8.26,0.21,-8.47
United Arab Emirates,MEA,GDP per Capita Growth (%),2019,0.21,0.2,0.01
United Arab Emirates,MEA,GDP per Capita Growth (%),2018,0.2,-4.15,4.35
United Arab Emirates,MEA,GDP per Capita Growth (%),2017,-4.15,0.57,-4.73
United Arab Emirates,MEA,GDP per Capita Growth (%),2016,0.57,1.47,-0.9
United Arab Emirates,MEA,GDP per Capita Growth (%),2015,1.47,-0.12,1.6
United Arab Emirates,MEA,GDP per Capita Growth (%),2014,-0.12,0.81,-0.93
United Arab Emirates,MEA,GDP per Capita Growth (%),2013,0.81,,
United Arab Emirates,MEA,Internet Penetration (%),2023,100.0,100.0,0.0
United Arab Emirates,MEA,Internet Penetration (%),2022,100.0,100.0,0.0
United Arab Emirates,MEA,Internet Penetration (%),2021,100.0,100.0,0.0
United Arab Emirates,MEA,Internet Penetration (%),2020,100.0,99.15,0.85
United Arab Emirates,MEA,Internet Penetration (%),2019,99.15,98.45,0.7
United Arab Emirates,MEA,Internet Penetration (%),2018,98.45,94.82,3.63
United Arab Emirates,MEA,Internet Penetration (%),2017,94.82,90.6,4.22
United Arab Emirates,MEA,Internet Penetration (%),2016,90.6,90.5,0.1
United Arab Emirates,MEA,Internet Penetration (%),2015,90.5,90.4,0.1
United Arab Emirates,MEA,Internet Penetration (%),2014,90.4,88.0,2.4
United Arab Emirates,MEA,Internet Penetration (%),2013,88.0,,
West Bank and Gaza,MEA,Female Labor Force Participation (%),2022,18.93,17.55,1.39
West Bank and Gaza,MEA,Female Labor Force Participation (%),2021,17.55,16.43,1.11
West Bank and Gaza,MEA,Female Labor Force Participation (%),2020,16.43,18.38,-1.95
West Bank and Gaza,MEA,Female Labor Force Participation (%),2019,18.38,17.66,0.72
West Bank and Gaza,MEA,Female Labor Force Participation (%),2018,17.66,17.66,0.0
West Bank and Gaza,MEA,Female Labor Force Participation (%),2017,17.66,17.43,0.23
West Bank and Gaza,MEA,Female Labor Force Participation (%),2016,17.43,18.0,-0.56
West Bank and Gaza,MEA,Female Labor Force Participation (%),2015,18.0,16.56,1.44
West Bank and Gaza,MEA,Female Labor Force Participation (%),2014,16.56,15.83,0.73
West Bank and Gaza,MEA,Female Labor Force Participation (%),2013,15.83,,
West Bank and Gaza,MEA,GDP per Capita Growth (%),2023,-6.81,1.59,-8.4
West Bank and Gaza,MEA,GDP per Capita Growth (%),2022,1.59,4.41,-2.83
West Bank and Gaza,MEA,GDP per Capita Growth (%),2021,4.41,-13.5,17.91
West Bank and Gaza,MEA,GDP per Capita Growth (%),2020,-13.5,-1.15,-12.34
West Bank and Gaza,MEA,GDP per Capita Growth (%),2019,-1.15,-1.3,0.15
West Bank and Gaza,MEA,GDP per Capita Growth (%),2018,-1.3,-0.58,-0.73
West Bank and Gaza,MEA,GDP per Capita Growth (%),2017,-0.58,6.45,-7.02
West Bank and Gaza,MEA,GDP per Capita Growth (%),2016,6.45,1.37,5.07
West Bank and Gaza,MEA,GDP per Capita Growth (%),2015,1.37,-2.47,3.84
West Bank and Gaza,MEA,GDP per Capita Growth (%),2014,-2.47,2.21,-4.69
West Bank and Gaza,MEA,GDP per Capita Growth (%),2013,2.21,,
West Bank and Gaza,MEA,Internet Penetration (%),2023,86.64,88.65,-2.01
West Bank and Gaza,MEA,Internet Penetration (%),2022,88.65,82.18,6.47
West Bank and Gaza,MEA,Internet Penetration (%),2021,82.18,76.01,6.17
West Bank and Gaza,MEA,Internet Penetration (%),2020,76.01,70.62,5.39
West Bank and Gaza,MEA,Internet Penetration (%),2019,70.62,64.4,6.22
West Bank and Gaza,MEA,Internet Penetration (%),2018,64.4,63.3,1.1
West Bank and Gaza,MEA,Internet Penetration (%),2017,63.3,59.9,3.4
West Bank and Gaza,MEA,Internet Penetration (%),2016,59.9,56.7,3.2
West Bank and Gaza,MEA,Internet Penetration (%),2015,56.7,53.67,3.03
West Bank and Gaza,MEA,Internet Penetration (%),2014,53.67,46.6,7.07
West Bank and Gaza,MEA,Internet Penetration (%),2013,46.6,,
"Yemen, Rep.",MEA,Female Labor Force Participation (%),2023,4.75,4.8,-0.05
"Yemen, Rep.",MEA,Female Labor Force Participation (%),2022,4.8,4.88,-0.07
"Yemen, Rep.",MEA,Female Labor Force Participation (%),2021,4.88,4.9,-0.02
"Yemen, Rep.",MEA,Female Labor Force Participation (%),2020,4.9,4.94,-0.04
"Yemen, Rep.",MEA,Female Labor Force Participation (%),2019,4.94,4.99,-0.05
"Yemen, Rep.",MEA,Female Labor Force Participation (%),2018,4.99,5.04,-0.05
"Yemen, Rep.",MEA,Female Labor Force Participation (%),2017,5.04,5.12,-0.08
"Yemen, Rep.",MEA,Female Labor Force Participation (%),2016,5.12,5.21,-0.09
"Yemen, Rep.",MEA,Female Labor Force Participation (%),2015,5.21,6.01,-0.8
"Yemen, Rep.",MEA,Female Labor Force Participation (%),2014,6.01,6.82,-0.8
"Yemen, Rep.",MEA,Female Labor Force Participation (%),2013,6.82,,
"Yemen, Rep.",MEA,GDP per Capita Growth (%),2018,-2.19,-7.89,5.7
"Yemen, Rep.",MEA,GDP per Capita Growth (%),2017,-7.89,-12.06,4.17
"Yemen, Rep.",MEA,GDP per Capita Growth (%),2016,-12.06,-30.15,18.1
"Yemen, Rep.",MEA,GDP per Capita Growth (%),2015,-30.15,-3.2,-26.95
"Yemen, Rep.",MEA,GDP per Capita Growth (%),2014,-3.2,1.68,-4.88
"Yemen, Rep.",MEA,GDP per Capita Growth (%),2013,1.68,,
"Yemen, Rep.",MEA,Internet Penetration (%),2020,13.82,26.72,-12.9
"Yemen, Rep.",MEA,Internet Penetration (%),2017,26.72,24.58,2.14
"Yemen, Rep.",MEA,Internet Penetration (%),2016,24.58,24.09,0.49
"Yemen, Rep.",MEA,Internet Penetration (%),2015,24.09,22.55,1.54
"Yemen, Rep.",MEA,Internet Penetration (%),2014,22.55,20.0,2.55
"Yemen, Rep.",MEA,Internet Penetration (%),2013,20.0,,
